제품코드,정식제품명,규격,단위
159,(이도) 소독용에탄올 83% (1L),1L,
162,"LATEX EXAMINATION GLOVE, (글러브)#X-Small",X-Small,
185,성심) 인슐린 실린지 1CC (31G*8mm),31G*8mm,
188,협성) HEPARINE CAP (해파린캡),HS-T-05,
190,"문정) 솜면봉 6"" (수입)","6"" / (PK/100EA)",
198,성심) 인슐린 실린지 0.5CC (30G*8mm),30G*8mm,
200,"LATEX EXAMINATION GLOVE, (글러브)#Small",Small,
201,(이도) 소독용에탄올 83% (4L),4L,
205,"종이테잎 1"" SKINTONE (1533-1) 1인치",(2.5CM*9.1M),
208,"덕우) I.V.Cath (24g*3/4"")","24g*3/4""",
214,"LATEX EXAMINATION GLOVE, (글러브)#Medium",Medium,
215,SONO JELLY 250ml,250ml (Blue),
216,SONO JELLY 5L (투명),5L (투명),
217,1CC 루어락 (Syringe#Luer Lock),(1CC),
218,3CC 루어락 (Syringe#Luer Lock),(3CC),
235,마스크 유한(Band type),(Band type),
239,수성) 절단솜#탈지면 4*6 [화장솜/450g],4*6 (450g),
255,"신창) 일반수액세트, 1104, 210CM (무침)",#1104#210cm,
256,"신창) Y자 수액세트, 122, 210CM","122, 210CM(PK/50EA)",
257,"성심) 10CC 주사기 (22G*1"") 100EA","(22G*1"")",
269,(퍼슨) 소독용에탄올 80% (1L),1L,
274,"메디풀) NEEDLE#니들 21G (1¼"")","(21G*1¼"")",
278,"신창) 3CC 주사기 (23G*1"") 100EA","(23G*1"")",
279,"신창) 1CC 주사기 (26G*½"") 100EA","(26G*½"")",
281,"성심) 10CC 주사기 (18G*½"") 100EA","(18G*½"")",
286,"메디풀) NEEDLE 26G (½"")","(26G*1/2"")",
292,성심) 수액세트/DEHP FREE,무침,
294,"나비침, 23G",23G,
301,"신창) 5CC 주사기 (23G*1"") 100EA","(23G*1"")",
302,"신창) 10CC 주사기 (18G*½"") 100EA","(18G*½"")",
303,"신창) 50CC 주사기 (18G*½"") 25EA","(18G*½"")",
308,"성심) 5CC 주사기 (23G*1"") 100EA","(23G*1"")",
313,"덕우) I.V.Cath (22g*3/4"")","22g*3/4""",
316,성심) 인슐린 실린지 1CC (29G*13mm),29G*13mm,
317,"신창) 5CC 주사기 (22G*1"") 100EA","(22G*1"")",
320,메디텍) 자동전자혈압계 FUZZY MD650,MD-650,
324,"메디풀) NEEDLE 23G (1"")","(23G*1"")",
325,"성심) 10CC 주사기 (21G*1"") 100EA","(21G*1"")",
327,성심) 10CC 주사기 18G 100EA,18G,
334,"종이테잎 1"" SKINTONE (1533-0) 0.5인치",(1.25CM*9.1M),
335,신창) NEEDLE 18G 100EA,18G,
336,3M Durapore 1538-1 #실크테이프 중,(2.5CM*9.1M),
337,"종이테잎 1"" (1530-0) # 마이크로포 흰색 0.5인치",(1.25CM*9.1M),
338,"종이테잎 1"" (1530-1) # 마이크로포 흰색 1인치",(2.5CM*9.1M),
340,성심) NEEDLE#니들 30G*4mm,30*4mm,
349,"성심) 20CC 주사기 (18G*½"") 50EA","(20G*½"")",
350,"신창) 50CC 주사기 (18G*½"")","(50G*½"")",
351,"성심) 5CC 주사기 (18G*½"") 100EA","(5G*½"")",
353,3M TEGADERM 1624 (6CM * 7CM)  #테가덤 방수밴드 6*7,6CM*7M,
354,3M TEGADERM 1626 (10CM * 12CM) #테가덤 방수밴드  10*12,(10CM*12M),
364,BD) 인슐린 실린지 1CC (31G*8mm),31G*8mm,
365,"BD) 3CC 주사기 (23G*1"") 100EA","(23G*1"")",
368,BD) 인슐린 실린지 0.5CC (31G*6mm),31G*6mm,
374,"메디풀) NEEDLE 18G(1 1/2"")",18G,
379,수성) 거즈볼 22*25cm (원형),22*25cm(원형),
380,수성) COTTON BALL 2호 # 코튼볼2호 필터타입,BOX,
381,EXTENSION(인성) 90CM/100CM # 익스텐션 튜브,100CM1100,
383,"성심) 3CC 주사기 (23G*1"") 100EA","(23G*1"")",
387,토니켓,(내경4mm*외경6mm),
388,"솜붕대(대한)파랑6""",PK,
400,"메디풀) NEEDLE 30G (½"")","(30G*½"")",
402,"성심) NEEDLE 27G (½"")","(27G*½"")",
416,"성심) 5CC 주사기 (21G*1"") 100EA","(21G*1"")",
420,TOP GLOVE POWDER FREE 6.5 /50P,"6.5""",
421,TOP GLOVE POWDER FREE 7.5 /50P,"7.5""",
423,"신창) 10CC 주사기 (22G*1"") 100EA","22G*1""",
425,"WRP)LATEX EXAMINATION GLOVE, (글러브)#Small",Small,
428,"WRP)LATEX EXAMINATION GLOVE, (글러브)#Medium",Medium,
431,성심) 20CC 주사기 (18G*1) 50EA,(18G*1),
433,BD) IV-CA 24G,0.7*19mm,
435,"성심) 50CC 주사기 (18G*½"")","(50G*½"")",
436,"성심) NEEDLE 25G*38mm (½"")","25G*38mm (½"")",
437,"성심) NEEDLE 26G*13mm (½"")","26G*13mm (½"")",
443,"성심) NEEDLE 18G*38mm (1*½"")","18G*38mm (1*½"")",
455,"대한멸균 에탄올스왑, (PK/100EA/낱개포장)",(PK/100ea/낱개포장),
457,TOP GLOVE POWDER FREE 7.0 /50P,"7.0""",
458,성심) 30CC 주사기 (18G*1) 50EA,(18G*1),
460,LOR Syringe 10ML,10ml,
461,"Thaad) LATEX EXAMINATION GLOVE, (글러브)#Small",Small,
463,"3M 1581(1"") 코반붕대",1인치,
464,3M 2762(5cm*10m)부직반창고,5cm*10m,
465,"Thaad) LATEX EXAMINATION GLOVE, (글러브)#Medium",Medium,
466,BD) IV-CA 20G,1.16 inch,
470,알러지글러브 7.0 (Protexis),7.0,
482,한진)POLY GLOVE(M),Medium,
484,성심) 인슐린 실린지 1CC (30G*8mm),30G*8mm,
496,"(밴드골드)종이테잎 1"" SKINTONE (1533-1) 1인치",(2.5CM*9.1M),
497,EXAM GLOVE (SEJONG) S,S,
498,EXAM GLOVE (SEJONG) M,M,
512,안연)POLY GLOVE(M),Medium,
518,10CC 루어락 (Syringe#Luer Lock),(10CC),
525,"성심) NEEDLE 21G*32mm(1 1/4"")","21G*32mm(1 1/4"")",
529,"3M) TRANSPORE 1"" 1527-1","1"" 1527-1",
582,BD) 인슐린 실린지 0.3CC (31G*8mm),31G*8mm,
616,Dowoo Latex PF Exam Glove L,L,
617,Dowoo Latex PF Exam Glove M,M,
631,(협성)3-WAY EXTENSION 10cm / HS-T-10N-1,10cm,
633,Dowoo Latex PF Exam Glove S,S,
634,"신창) 3CC 주사기 (24G*3/4"") 100EA","24G*3/4""",
639,30CC 루어락 (Syringe#Luer Lock) BOX/56EA,(30CC),
641,성심) LONG NEEDLE 23G*10cm,23G*10cm,
648,SOL-M) 인슐린 실린지 1CC (31G*8mm),31G*8mm,
649,SOL-M) 인슐린 실린지 0.5CC (31G*8mm),31G*8mm,
662,"성심) 1CC 주사기 (26G*1/2"") 100EA","(26G*1/2"")",
663,(협성)3-WAY EXTENSION 25cm,25cm,
664,"성심) 5CC 주사기 (22G*1"") 100EA","(22G*1"")",
665,아원)POLY GLOVE(M),Medium,
669,한국백신) IV-CA 24G,"24G 3/4""",
680,(두원) 소독용에탄올 83% (18L),18L,
157,"필텍) 10CC 주사기 (18G*½"") 100EA","10CC (18G*½"")",EA
158,"필텍) 20CC 주사기 (18G*½"") 50EA","20CC (18G*½"")",EA
163,"정림) NEEDLE 30G (½"")","(30G*½"")",EA
168,녹십자) 수액세트/DEHP FREE,무침,EA
169,대한) 절단솜#탈지면 4*4 [화장솜/450g],4*4 (450g),PK
176,"정림) NEEDLE 26G (½"")","(26G*1/2"")",BOX
186,Mirror Cannula 23G*30mm (범용카테타캐뉼라),23G*30mm,BOX
187,대한) 접은거즈 (4*4*8P),4*4*8P (DHG-448B),BOX
189,문정) 비멸균설압자,BOX/100EA,BOX
195,"필텍) 10CC 주사기 (21G*¼"") 100EA","10CC (21G*¼"")",EA
196,"정림) NEEDLE 23G (1"")","(23G*1"")",EA
197,"정림) NEEDLE 27G (½"")","(27G*½"")",EA
199,대한) 접은거즈 (4*4*4P),4*4*4P (DHG-444B),BOX
204,DuoDerm Extra Thin (듀오덤 엑스트라 씬),10cm*10cm,BOX
206,"필텍) 50CC 주사기 (18G*½"") 25EA","50CC (18G*½"")",EA
207,밴드골드) 원형밴드 (밴드랩),100매/20파이,EA
213,"필텍) 5CC 주사기 (23G*1"") 100EA","5CC (23G*1"")",EA
221,SSONDAR Multi9 34G 9P 0.85,9P (34G*0.85),BOX
222,"메디풀) NEEDLE#니들 30G (½"")","(30*½"")",EA
230,대한) 접은거즈 (2*2*8P),2*2*8P (DHG-228B),BOX
232,Medilox(메디록스) 4L,4L,EA
240,대한) 절단솜#탈지면 4*30 [화장솜/450g],4*30 (450g),PK
253,화진)수액세트/DEHP FREE,무침,EA
254,"화진) Y자 수액세트, 122, 210CM","122, 210CM(PK/50EA)",EA
258,"MEDIZYME#메디자임 (의료기구 세척제), 1L",1L,EA
259,"알콜솜#멸균 FA EOLSWAB, (PK/100EA/낱개포장)",(PK/100ea/낱개포장),PK
267,Dermaduco Multi Needle * 34G (니들),Multi Needle * 34G,BOX
268,Single Use Cleaning Brush#MD-B-BR-2306#(내시경 밸브 청소용 브러쉬),2300mm#6mm,EA
271,WRIST THUMB BRACE#엄지손가락 보호대,DR-W132-1,EA
272,"WRIST BRACE#손목보호대, K.C / Medium",Medium,EA
273,"WRIST BRACE#손목보호대, K.C / Small",Small,EA
280,Mirror Cannula 23G*50mm (범용카테타캐뉼라),23G*50mm,EA
277,3-WAY STOPCOCK (협성) T-01N * HS-T-01N#저압용,HS-T-01N#저압용,EA
282,수성) 절단솜#탈지면 4*4 [화장솜/450g],4*4 (450g),PK
284,DENTAL NEEDLE 30G-L 25mm (덴탈마취니들),30G-L 25mm,EA
285,"부광) 3CC 주사기 (23G*1"") 100EA","3CC (23G*1"")",EA
287,(퍼슨) 소독용에탄올 83% (4L),4L,EA
288,신성) 접은거즈 (4*4*4P),4*4*4P,BOX
289,봉합사) Nylon(Ailee;NB434),#4-0#18m/m,BOX
299,(퍼슨) 과산화수소 (250ml),250ml,EA
304,Mirror Cannula 27G*40mm (범용카테타캐뉼라),27G*40mm,EA
305,유한) POWDER FREE 6.5 수술용 글러브,"6.5""",EA
306,(퍼슨) 소독용에탄올 83% (18L),18L,EA
170,"한백) I.V.Cath (24g*3/4"")","24g*3/4""",EA
310,"WRIST BRACE#손목보호대, K.C / Large",Large,EA
312,"SURGICAL BLADE, ＃15 블레이드 (AILEE)",BOX/100EA,BOX
326,정림) NEEDLE 30G,30G,EA
339,연고곽5G,5G,EA
341,대한) 절단솜#탈지면 4*6 [화장솜/450g],4*6 (450g),BOX
342,"요통대 9"" (S)",B013,BOX
343,"요통대 9"" (M)",B013,BOX
344,"요통대 9"" (L)",B013,BOX
333,성광포비딘(포비돈요오드액10%) 1L,1L,EA
345,DuoDerm Extra Thin (듀오덤 엑스트라 씬),6cm*7cm,BOX
348,Mirror Cannula 25G*50mm (범용카테타캐뉼라),25G*50mm,EA
352,NEEDLE(메조니들) 33g 4mm,33G*4mm,EA
357,모아랩 밴드 20mm 살색,100s * 20,BOX
358,데일밴드 (표준반창고),10 * 45,BOX
366,Novofine 32G Tip etw,32G * 6mm,BOX
371,Mirror Cannula 30G*30mm (범용카테타캐뉼라),30G*30mm,BOX
372,"부광) 10CC 주사기 (18G*1"")(100EA)","10CC (18G*1"")",BOX
389,신성) 접은거즈 (2*2*8P),4*4*4P,BOX
398,Mirror Cannula 17G*70mm (범용카테타캐뉼라),30G*30mm,BOX
418,3M 소독테이프(인디케이터) 스팀용 1인치,1322-24mm,롤
322,포비딘4L/10%,4L/10%,EA
424,2-WAY SYRINGE MIXING TUBE,BOX/100EA,BOX
422,STERI STRIP 1542 1/4-11/2IN,1542,BOX
432,신성)접은거즈30*30,PK/200EA,PK
442,신신)면반창고,BOX/10매입,EA
430,한국백신)롱니들23G*60mm,BOX/100EA,EA
444,"한국백신) 50CC주사기 (18G*1"")",BOX/50EA,
462,용창) NEEDLE(메조니들) 33g 4mm # 샤프니들,BOX/50EA,EA
427,네오 드레싱 6*7 / 50매,BOX/50EA,EA
448,붕산 100g,100g,box
449,대한) 접은거즈(3*3*8p),3*3*3p,BOX
469,"[3M]종이테입 2"" 1530-2",2in,box
472,네오 드레싱 I.V 6*7 / 50매,6 * 7,BOX
476,그린)과산화수소4L,4L,EA
479,"SURGICAL BLADE, ＃15 블레이드 (Kiato)",15번 블레이드,BOX/100EA
480,나눔)NEEDLE(나노니들)33G*4mm,33G*4mm,box/100ea
489,디메트(55*80cm)10S/PK,55*80cm,10S/PK
290,헥시타놀0.5%액 1L,1L,
504,그린헥시딘액5% 500ml,500ml,EA
495,퍼슨 실그린크림 120G,120G,
508,CLINICAL SHEET(m) 450*350mm,,
514,"KNEE BAND#무릎보호대, K.C / Medium",,M
519,(신흥)DENTAL NEDDLE 30G-L 25mm,30G-L 25mm,
520,NYLON 5/0 NK517P 50cm,50cm,
531,마스크(BANDTYPPE) 대한,(Band type),BOX
537,한국백신)롱니들23G*100mm,,
561,[CK덴탈]DENTAL NEEDLE 27G-L 30mm (덴탈마취니들),,
554,"요통대 9"" (XL)",,
555,"요통대 9"" (XXL)",,
578,Mirror Cannula 22G*50mm (범용카테타캐뉼라),,
602,Mirror Cannula 23G*70mm (범용카테타캐뉼라),,
604,BLUE NYLON 4-0 50cm (21mm 3/8),,
605,한창) COTTON BALL 1호 # 코튼볼1호 슬라이스,코튼볼1호,
632,"수성)소독테잎 1/2""",12mm*50m,
643,"KNEE BAND#무릎보호대, K.C / Large",L,EA
